[
  {
    "inputs": [
      {
        "internalType": "address",
        "name": "monsuta",
        "type": "address"
      }
    ],
    "stateMutability": "nonpayable",
    "type": "constructor"
  },
  {
    "anonymous": false,
    "inputs": [
      {
        "indexed": true,
        "internalType": "address",
        "name": "previousOwner",
        "type": "address"
      },
      {
        "indexed": true,
        "internalType": "address",
        "name": "newOwner",
        "type": "address"
      }
    ],
    "name": "OwnershipTransferred",
    "type": "event"
  },
  {
    "inputs": [],
    "name": "MAX_MONSUTA_SUPPLY",
    "outputs": [
      {
        "internalType": "uint256",
        "name": "",
        "type": "uint256"
      }
    ],
    "stateMutability": "view",
    "type": "function"
  },
  {
    "inputs": [
      {
        "internalType": "uint256",
        "name": "monsutaId",
        "type": "uint256"
      },
      {
        "internalType": "uint256",
        "name": "state",
        "type": "uint256"
      }
    ],
    "name": "getEncodedTraitsOfMonsutaId",
    "outputs": [
      {
        "internalType": "bytes",
        "name": "traits",
        "type": "bytes"
      }
    ],
    "stateMutability": "view",
    "type": "function"
  },
  {
    "inputs": [
      {
        "internalType": "uint256",
        "name": "index",
        "type": "uint256"
      }
    ],
    "name": "getTraitBytesAtIndex",
    "outputs": [
      {
        "internalType": "bytes4",
        "name": "",
        "type": "bytes4"
      }
    ],
    "stateMutability": "view",
    "type": "function"
  },
  {
    "inputs": [
      {
        "internalType": "uint256",
        "name": "monsutaId",
        "type": "uint256"
      }
    ],
    "name": "getTraitsOfMonsutaId",
    "outputs": [
      {
        "components": [
          {
            "internalType": "string",
            "name": "scene",
            "type": "string"
          },
          {
            "internalType": "string",
            "name": "species",
            "type": "string"
          },
          {
            "internalType": "string",
            "name": "skin",
            "type": "string"
          },
          {
            "internalType": "string",
            "name": "eyes",
            "type": "string"
          },
          {
            "internalType": "string",
            "name": "mouth",
            "type": "string"
          },
          {
            "internalType": "string",
            "name": "markings",
            "type": "string"
          },
          {
            "internalType": "string",
            "name": "ritual",
            "type": "string"
          }
        ],
        "internalType": "struct MonsutaRegistry.Trait",
        "name": "trait",
        "type": "tuple"
      }
    ],
    "stateMutability": "view",
    "type": "function"
  },
  {
    "inputs": [],
    "name": "monsutaAddress",
    "outputs": [
      {
        "internalType": "address",
        "name": "",
        "type": "address"
      }
    ],
    "stateMutability": "view",
    "type": "function"
  },
  {
    "inputs": [],
    "name": "owner",
    "outputs": [
      {
        "internalType": "address",
        "name": "",
        "type": "address"
      }
    ],
    "stateMutability": "view",
    "type": "function"
  },
  {
    "inputs": [],
    "name": "renounceOwnership",
    "outputs": [],
    "stateMutability": "nonpayable",
    "type": "function"
  },
  {
    "inputs": [],
    "name": "reveal",
    "outputs": [],
    "stateMutability": "nonpayable",
    "type": "function"
  },
  {
    "inputs": [],
    "name": "startingIndexFromMonsutaContract",
    "outputs": [
      {
        "internalType": "uint256",
        "name": "",
        "type": "uint256"
      }
    ],
    "stateMutability": "view",
    "type": "function"
  },
  {
    "inputs": [
      {
        "internalType": "bytes4[]",
        "name": "traitsHex",
        "type": "bytes4[]"
      }
    ],
    "name": "storeMetadata",
    "outputs": [],
    "stateMutability": "nonpayable",
    "type": "function"
  },
  {
    "inputs": [
      {
        "internalType": "uint256",
        "name": "startIndex",
        "type": "uint256"
      },
      {
        "internalType": "bytes4[]",
        "name": "traitsHex",
        "type": "bytes4[]"
      }
    ],
    "name": "storeMetadataStartingAtIndex",
    "outputs": [],
    "stateMutability": "nonpayable",
    "type": "function"
  },
  {
    "inputs": [
      {
        "internalType": "uint256",
        "name": "",
        "type": "uint256"
      }
    ],
    "name": "traitBytes",
    "outputs": [
      {
        "internalType": "bytes4",
        "name": "",
        "type": "bytes4"
      }
    ],
    "stateMutability": "view",
    "type": "function"
  },
  {
    "inputs": [
      {
        "internalType": "address",
        "name": "newOwner",
        "type": "address"
      }
    ],
    "name": "transferOwnership",
    "outputs": [],
    "stateMutability": "nonpayable",
    "type": "function"
  }
]
